file_name,color_id
117203522.jpg,10
115256023.jpg,12
116985416.jpg,8
115266536.jpg,7
105777582.jpg,3
117135913.jpg,11
105620910.jpg,12
105708133.jpg,9
117122277.jpg,12
116989109.jpg,1
116996030.jpg,1
115245801.jpg,10
105510225.jpg,6
105457438.jpg,11
116970707.jpg,5
117126333.jpg,2
117003615.jpg,12
105237172.jpg,8
117008238.jpg,5
117168073.jpg,9
105624136.jpg,12
105337040.jpg,8
117190993.jpg,11
105812275.jpg,3
117048631.jpg,7
1000008466.jpg,9
105384379.jpg,5
1000000033.jpg,2
117062848.jpg,7
117066197.jpg,7
105735138.jpg,5
1000005059.jpg,8
117197189.jpg,3
1000005689.jpg,9
115472605.jpg,6
117287245.jpg,9
105613507.jpg,7
117038771.jpg,5
117169029.jpg,11
117037031.jpg,12
105704640.jpg,11
116975462.jpg,8
117072980.jpg,1
117160832.jpg,11
105419436.jpg,7
117134349.jpg,2
117074513.jpg,1
117255208.jpg,4
116990796.jpg,12
117114078.jpg,11
117109243.jpg,5
115277379.jpg,8
117097033.jpg,1
115459910.jpg,12
105562010.jpg,7
105660181.jpg,6
117059847.jpg,11
115489088.jpg,11
117120026.jpg,11
105698764.jpg,7
116982303.jpg,8
105633031.jpg,8
105277877.jpg,8
105742342.jpg,10
105604506.jpg,2
105546133.jpg,10
117099504.jpg,5
116963338.jpg,12
116980393.jpg,11
105631888.jpg,11
105316089.jpg,5
115271409.jpg,10
105451134.jpg,6
105257022.jpg,12
117212985.jpg,9
117098826.jpg,12
117095284.jpg,1
117102544.jpg,5
117109581.jpg,5
117190576.jpg,9
115478149.jpg,7
115252839.jpg,11
105515136.jpg,6
117085942.jpg,3
117182499.jpg,7
117113733.jpg,3
117152321.jpg,9
117041516.jpg,7
117031498.jpg,12
117099187.jpg,7
117090484.jpg,12
115460019.jpg,8
112023819.jpg,7
117016778.jpg,12
115279166.jpg,8
115493618.jpg,10
117065636.jpg,7
115497498.jpg,12
117212017.jpg,3
117127484.jpg,7
105654853.jpg,6
105738664.jpg,7
115460415.jpg,1
117011071.jpg,11
117209446.jpg,11
117086063.jpg,5
117159764.jpg,9
110011586.jpg,8
116973535.jpg,12
117209704.jpg,10
105332224.jpg,8
105535192.jpg,7
117067207.jpg,11
117087881.jpg,5
117065186.jpg,3
117131789.jpg,11
105810713.jpg,10
117094219.jpg,5
117075759.jpg,9
117198705.jpg,9
105279174.jpg,12
105819185.jpg,10
117117847.jpg,7
116974053.jpg,8
105676196.jpg,10
117054664.jpg,11
105781641.jpg,6
116953440.jpg,8
117010529.jpg,5
117042704.jpg,1
117196478.jpg,9
115270464.jpg,3
117191181.jpg,11
116983186.jpg,12
117087220.jpg,11
105695265.jpg,8
117099129.jpg,7
111732495.jpg,3
105339937.jpg,9
105362067.jpg,7
117200453.jpg,9
115494133.jpg,7
105250041.jpg,12
115261247.jpg,6
105283273.jpg,12
117051209.jpg,12
105488915.jpg,6
117009302.jpg,12
105610716.jpg,10
117202075.jpg,9
115457866.jpg,1
115475060.jpg,5
117231864.jpg,1
116996018.jpg,8
117088352.jpg,4
115499900.jpg,9
117277447.jpg,9
105731950.jpg,10
117107835.jpg,2
116987512.jpg,1
105422450.jpg,7
117080985.jpg,12
121138461.jpg,7
116962492.jpg,11
115730644.jpg,3
105542368.jpg,11
115724188.jpg,4
105259921.jpg,8
117075364.jpg,5
105628416.jpg,11
112095060.jpg,7
105603117.jpg,7
117097745.jpg,1
117091982.jpg,12
117095037.jpg,7
105298960.jpg,6
117126697.jpg,10
105328771.jpg,8
117107195.jpg,12
117231966.jpg,9
105622081.jpg,11
117196651.jpg,9
117097495.jpg,5
115253947.jpg,10
117121215.jpg,9
117224412.jpg,2
105620929.jpg,10
117191786.jpg,11
117055541.jpg,1
116982833.jpg,6
115493741.jpg,7
117034970.jpg,12
116982023.jpg,12
116995633.jpg,10
117026997.jpg,5
105525502.jpg,11
105828707.jpg,6
105550009.jpg,1
115469421.jpg,8
115479211.jpg,10
117154572.jpg,4
117121557.jpg,7
105563703.jpg,10
115492195.jpg,6
117239709.jpg,9
115499996.jpg,6
117203842.jpg,3
117062688.jpg,7
105756624.jpg,10
105478293.jpg,10
105258501.jpg,5
105469866.jpg,6
105216591.jpg,12
115496604.jpg,6
116995867.jpg,12
117195638.jpg,9
115500960.jpg,6
117130284.jpg,11
117106501.jpg,11
117071154.jpg,1
105699707.jpg,9
117163666.jpg,5
105838934.jpg,10
105289138.jpg,11
117024032.jpg,5
105350559.jpg,8
116989430.jpg,1
105729499.jpg,9
117207172.jpg,1
117027372.jpg,5
105535002.jpg,9
117199947.jpg,1
117107814.jpg,5
117106270.jpg,5
116958885.jpg,7
117043803.jpg,7
116977962.jpg,7
105585752.jpg,2
117094660.jpg,2
117166866.jpg,7
105449115.jpg,10
115271638.jpg,7
116959973.jpg,12
105708948.jpg,6
117085414.jpg,5
117161717.jpg,3
117110607.jpg,8
117225640.jpg,3
117064280.jpg,7
116955008.jpg,8
117193672.jpg,11
117078005.jpg,5
117081879.jpg,2
117267949.jpg,7
116983562.jpg,7
115452226.jpg,8
115498139.jpg,5
105639810.jpg,1
105322522.jpg,10
117149447.jpg,9
117051272.jpg,4
115487076.jpg,1
105819464.jpg,9
105455985.jpg,10
117027140.jpg,9
117233018.jpg,3
117222277.jpg,9
105685754.jpg,4
105637102.jpg,6
115507187.jpg,4
105213565.jpg,10
115469793.jpg,8
115459816.jpg,5
117011939.jpg,5
117052660.jpg,1
105711763.jpg,6
117050217.jpg,5
117269872.jpg,10
117079795.jpg,5
116982098.jpg,8
117221672.jpg,2
105246643.jpg,12
117072951.jpg,7
115474288.jpg,10
117100151.jpg,5
115266453.jpg,10
116983269.jpg,10
105363724.jpg,9
117098986.jpg,8
117117455.jpg,11
117127303.jpg,7
117192315.jpg,5
105490344.jpg,10
105791963.jpg,6
105694099.jpg,11
117237436.jpg,2
117040054.jpg,9
105487147.jpg,11
105766896.jpg,11
115482951.jpg,10
115257925.jpg,7
105348044.jpg,12
105717327.jpg,6
117024749.jpg,1
105804836.jpg,3
117103646.jpg,12
117016735.jpg,12
117096283.jpg,7
117049248.jpg,5
111550701.jpg,12
117050148.jpg,12
117106213.jpg,7
115274448.jpg,10
115492285.jpg,6
105643534.jpg,6
110022273.jpg,9
105628731.jpg,10
116988788.jpg,9
117118465.jpg,7
117000390.jpg,9
115270906.jpg,7
105796810.jpg,10
105442113.jpg,10
117086584.jpg,12
116982241.jpg,1
117012039.jpg,7
116983438.jpg,8
117073528.jpg,5
115489774.jpg,11
1000001233.jpg,9
117207604.jpg,9
105495789.jpg,12
116971843.jpg,3
105298573.jpg,8
105585340.jpg,12
117162184.jpg,3
105249058.jpg,12
115262218.jpg,10
117227641.jpg,11
105727414.jpg,11
117111796.jpg,5
117001516.jpg,7
116967289.jpg,10
117285404.jpg,3
115480400.jpg,9
105740068.jpg,11
115463138.jpg,11
117118005.jpg,9
1000009723.jpg,3
117038366.jpg,5
116992290.jpg,9
117202474.jpg,9
105687705.jpg,10
116969999.jpg,12
117218141.jpg,11
105558525.jpg,11
117085949.jpg,5
105291352.jpg,12
105632128.jpg,6
117187767.jpg,4
117058896.jpg,12
117282151.jpg,1
105714747.jpg,9
105272338.jpg,6
117140730.jpg,11
105465275.jpg,10
105748807.jpg,3
105762929.jpg,10
117039521.jpg,1
116951645.jpg,8
117164757.jpg,3
117094527.jpg,7
116980945.jpg,5
1000008927.jpg,11
105818735.jpg,11
117215467.jpg,3
117194820.jpg,2
117208439.jpg,11
117086738.jpg,7
105362617.jpg,12
117036988.jpg,11
115259490.jpg,10
105589424.jpg,10
115251323.jpg,10
117135322.jpg,9
105652957.jpg,9
117024742.jpg,5
117188276.jpg,4
105328782.jpg,7
105579980.jpg,9
105501804.jpg,1
117102043.jpg,9
117261881.jpg,3
117137945.jpg,9
117239797.jpg,11
105841609.jpg,10
105800964.jpg,3
105213149.jpg,7
105420598.jpg,5
117229163.jpg,2
115475366.jpg,5
105620932.jpg,12
117088367.jpg,12
105756280.jpg,1
117081491.jpg,9
117091375.jpg,9
117013019.jpg,7
117072806.jpg,10
115476579.jpg,10
115260418.jpg,5
110017673.jpg,3
105271702.jpg,12
105298180.jpg,12
116982340.jpg,11
105434940.jpg,10
116984646.jpg,8
116999561.jpg,12
105826381.jpg,2
105560784.jpg,5
105548235.jpg,10
105481216.jpg,2
117090802.jpg,5
117070400.jpg,1
117199567.jpg,4
115496490.jpg,10
117269351.jpg,5
105701514.jpg,10
117034913.jpg,12
105559925.jpg,9
105263429.jpg,12
105342475.jpg,8
105312744.jpg,8
115732327.jpg,3
105738543.jpg,9
116990687.jpg,8
115256778.jpg,8
110560886.jpg,5
110681776.jpg,7
117122320.jpg,7
117128167.jpg,10
105572420.jpg,2
117017561.jpg,5
117130827.jpg,11
117065668.jpg,5
105585239.jpg,12
117107836.jpg,11
117103122.jpg,1
105326074.jpg,10
117072689.jpg,5
105725462.jpg,10
115269767.jpg,7
117230018.jpg,3
115497301.jpg,1
117079968.jpg,7
117047925.jpg,12
116993685.jpg,12
117128263.jpg,7
117167853.jpg,9
117090822.jpg,5
105603701.jpg,5
105216851.jpg,8
117232897.jpg,3
116980126.jpg,5
117227163.jpg,5
115484213.jpg,5
105269545.jpg,12
117053999.jpg,7
117103329.jpg,7
117019271.jpg,7
121139627.jpg,11
115243705.jpg,8
105633061.jpg,10
115261061.jpg,12
117190943.jpg,9
105483030.jpg,10
105851025.jpg,11
117111565.jpg,9
115724879.jpg,5
105768219.jpg,4
115501816.jpg,10
115504555.jpg,5
117217201.jpg,11
115263491.jpg,6
110757585.jpg,11
105452733.jpg,12
117074440.jpg,7
117173260.jpg,9
115464391.jpg,8
105818466.jpg,7
1000006528.jpg,12
105833644.jpg,9
117221547.jpg,1
117088701.jpg,5
117216299.jpg,7
105273534.jpg,10
117273129.jpg,3
1000005599.jpg,7
105420424.jpg,12
117103349.jpg,12
105266671.jpg,12
117082645.jpg,11
117221755.jpg,11
117191221.jpg,2
105594359.jpg,6
105480277.jpg,5
116954404.jpg,12
105560396.jpg,12
115505186.jpg,11
115470274.jpg,5
105248083.jpg,10
117224368.jpg,11
117125642.jpg,8
1000007677.jpg,9
117139033.jpg,11
117216927.jpg,11
117109405.jpg,11
115244946.jpg,10
117003621.jpg,12
105218965.jpg,12
116993851.jpg,8
115261575.jpg,7
117017531.jpg,7
117123485.jpg,2
105498651.jpg,9
115266566.jpg,10
105433059.jpg,4
115483312.jpg,5
105269104.jpg,8
115497975.jpg,9
115256575.jpg,10
115479406.jpg,5
117184028.jpg,2
105442768.jpg,8
105236442.jpg,6
105813765.jpg,6
117153858.jpg,11
105474936.jpg,7
115463118.jpg,12
117106799.jpg,5
115258054.jpg,3
117086770.jpg,5
115489451.jpg,10
105236881.jpg,8
105805870.jpg,10
117192568.jpg,4
115490937.jpg,4
105774375.jpg,2
117120018.jpg,9
105710562.jpg,6
116961694.jpg,7
115479219.jpg,5
117188291.jpg,11
105589528.jpg,5
117114117.jpg,5
105234213.jpg,8
1000000678.jpg,3
117095897.jpg,12
117248165.jpg,9
115304519.jpg,11
117058693.jpg,5
117191000.jpg,9
117011819.jpg,4
115466613.jpg,6
116975022.jpg,7
117125611.jpg,7
117046026.jpg,5
117050881.jpg,9
117157902.jpg,9
116977228.jpg,8
105841352.jpg,12
117071926.jpg,9
117023025.jpg,5
117123657.jpg,7
117018801.jpg,5
105843858.jpg,7
115478765.jpg,10
117079147.jpg,5
117090811.jpg,7
105677657.jpg,9
117087942.jpg,1
117157325.jpg,10
116978516.jpg,3
105344793.jpg,12
117110439.jpg,5
117238388.jpg,9
117163760.jpg,11
115263463.jpg,10
105790571.jpg,10
105729207.jpg,10
117138818.jpg,7
105471884.jpg,10
117188412.jpg,11
117044799.jpg,4
115491419.jpg,9
117110481.jpg,1
117000517.jpg,11
117072168.jpg,12
105429636.jpg,5
105509639.jpg,9
117262090.jpg,2
105243776.jpg,7
105591807.jpg,7
117107743.jpg,7
105566011.jpg,9
105586677.jpg,10
105441497.jpg,10
105223424.jpg,12
105643806.jpg,11
116980289.jpg,8
115487097.jpg,10
117083552.jpg,9
117003890.jpg,10
117089836.jpg,2
117087482.jpg,5
117287106.jpg,3
117068028.jpg,5
116995766.jpg,7
117013891.jpg,5
105650340.jpg,8
115249660.jpg,12
105376108.jpg,12
115726137.jpg,9
117213718.jpg,12
117222313.jpg,11
105403751.jpg,12
105648561.jpg,11
116995653.jpg,8
117053815.jpg,5
117237695.jpg,9
117123625.jpg,10
117089757.jpg,12
110682145.jpg,1
115473729.jpg,12
115269973.jpg,10
105323988.jpg,6
117101741.jpg,12
105568066.jpg,9
117098058.jpg,5
117004204.jpg,7
117103291.jpg,1
105384138.jpg,5
116991106.jpg,5
117038357.jpg,12
117118053.jpg,1
105838706.jpg,11
117020719.jpg,5
105215310.jpg,6
105212924.jpg,8
105672024.jpg,11
117059497.jpg,1
105525384.jpg,6
105593696.jpg,6
117216773.jpg,4
105803037.jpg,3
105701630.jpg,6
117056854.jpg,7
105280523.jpg,12
117276039.jpg,3
117169423.jpg,1
105437926.jpg,10
116986644.jpg,8
115485540.jpg,7
116968918.jpg,5
115720261.jpg,7
105845483.jpg,3
117175104.jpg,3
117008169.jpg,5
117031749.jpg,5
115505642.jpg,10
117112754.jpg,5
115456232.jpg,8
105571532.jpg,10
105256378.jpg,7
105231883.jpg,8
105406624.jpg,10
117105912.jpg,5
117078252.jpg,5
117202200.jpg,2
105268397.jpg,8
117122091.jpg,4
105644186.jpg,10
117109752.jpg,7
117168119.jpg,9
105394490.jpg,9
105828960.jpg,3
115496942.jpg,10
115477440.jpg,6
105785714.jpg,11
105582072.jpg,10
116951238.jpg,12
105184729.jpg,1
117116787.jpg,10
117215547.jpg,3
105424013.jpg,12
117262223.jpg,2
117188949.jpg,11
117098427.jpg,12
117244464.jpg,9
115728023.jpg,3
105362140.jpg,10
110019584.jpg,3
105283314.jpg,12
105290595.jpg,10
105529644.jpg,12
105244451.jpg,10
117122625.jpg,1
117143949.jpg,11
105242319.jpg,8
116970738.jpg,8
111676671.jpg,12
117006308.jpg,12
105409168.jpg,12
116984223.jpg,8
117100044.jpg,5
105703947.jpg,9
115482494.jpg,7
105779316.jpg,4
117012514.jpg,7
105644113.jpg,9
117009580.jpg,5
116992348.jpg,7
105228418.jpg,12
115502961.jpg,9
105570916.jpg,6
105629062.jpg,3
105239264.jpg,8
115480919.jpg,12
117134269.jpg,1
105220691.jpg,12
105378258.jpg,5
105299886.jpg,12
115476947.jpg,6
105575746.jpg,12
115503821.jpg,10
117019974.jpg,5
117037668.jpg,1
117124786.jpg,9
117031497.jpg,7
117127309.jpg,7
1000007140.jpg,10
115238875.jpg,10
117006316.jpg,1
115277087.jpg,10
105587667.jpg,7
117237653.jpg,2
115481578.jpg,10
105489077.jpg,10
117078195.jpg,10
105459558.jpg,6
105380881.jpg,12
105532097.jpg,5
117127110.jpg,2
117209095.jpg,11
105398934.jpg,10
116989599.jpg,8
105380756.jpg,12
115517199.jpg,1
105272570.jpg,12
105456985.jpg,10
105448780.jpg,12
117109919.jpg,2
117002566.jpg,12
115261888.jpg,10
117028286.jpg,1
117181082.jpg,9
116981198.jpg,7
115494534.jpg,9
115479942.jpg,10
117228855.jpg,9
117113701.jpg,5
117078889.jpg,5
115278400.jpg,9
117064125.jpg,5
116979490.jpg,1
115501490.jpg,10
115485025.jpg,5
117007015.jpg,5
117025403.jpg,12
116994985.jpg,8
117072989.jpg,7
115275099.jpg,10
117085145.jpg,7
116985336.jpg,12
105344084.jpg,10
105650165.jpg,5
105497023.jpg,10
117077150.jpg,1
105607588.jpg,11
116975852.jpg,12
117174856.jpg,4
117142572.jpg,4
105234006.jpg,12
105578516.jpg,11
116964394.jpg,7
105303891.jpg,5
116993346.jpg,5
117051709.jpg,9
105808250.jpg,9
116976063.jpg,12
117196927.jpg,11
117096102.jpg,1
105421700.jpg,7
117146033.jpg,3
115272844.jpg,11
117185017.jpg,9
105455139.jpg,12
117023110.jpg,2
117073752.jpg,7
117048288.jpg,7
105788100.jpg,9
105834195.jpg,10
117039857.jpg,7
117084321.jpg,2
105543645.jpg,10
105387486.jpg,12
117031091.jpg,1
115712475.jpg,5
116999010.jpg,9
105395799.jpg,10
117116447.jpg,12
105471662.jpg,1
115501912.jpg,10
115247316.jpg,8
117111614.jpg,2
105527697.jpg,12
105450124.jpg,12
105804676.jpg,10
117197665.jpg,2
115494172.jpg,3
117121586.jpg,1
115498934.jpg,10
105437504.jpg,12
105367896.jpg,6
115260488.jpg,12
117128160.jpg,9
105768868.jpg,10
115252502.jpg,5
117218200.jpg,9
105527240.jpg,10
105846676.jpg,9
115244392.jpg,10
105622917.jpg,12
105281243.jpg,8
117100314.jpg,5
115720077.jpg,1
105487095.jpg,6
116979501.jpg,8
105474792.jpg,6
115500941.jpg,9
117222823.jpg,11
105624765.jpg,6
116996855.jpg,5
116971673.jpg,7
116961395.jpg,8
105654052.jpg,9
105452343.jpg,7
116982255.jpg,3
117188971.jpg,1
117021097.jpg,7
105566533.jpg,12
117073213.jpg,1
117002523.jpg,12
116973184.jpg,7
105209081.jpg,5
115267494.jpg,10
105451892.jpg,12
117083474.jpg,12
117195631.jpg,7
105365438.jpg,11
117028420.jpg,5
116983730.jpg,12
117000743.jpg,5
116999417.jpg,8
117054004.jpg,5
105571802.jpg,6
117128214.jpg,9
105667053.jpg,10
116993229.jpg,8
105345558.jpg,7
117019056.jpg,12
117018685.jpg,1
111676436.jpg,10
117119715.jpg,7
117037443.jpg,12
117213007.jpg,3
117247706.jpg,1
105500271.jpg,2
105500962.jpg,10
117176124.jpg,11
105504120.jpg,7
117161899.jpg,11
117075868.jpg,8
105852880.jpg,1
117012750.jpg,1
115726373.jpg,11
117109493.jpg,7
117099835.jpg,11
117043982.jpg,5
117137036.jpg,11
105514393.jpg,6
117141190.jpg,3
117085879.jpg,7
105523959.jpg,11
117102642.jpg,7
117121261.jpg,5
115481302.jpg,11
117148808.jpg,4
117201004.jpg,3
117047078.jpg,4
105494727.jpg,9
117217922.jpg,11
117064367.jpg,7
117014079.jpg,1
117009195.jpg,5
115251726.jpg,7
117144028.jpg,3
117019295.jpg,11
117066598.jpg,12
117231732.jpg,9
115491860.jpg,10
115272672.jpg,10
105350640.jpg,8
117076047.jpg,7
117027080.jpg,7
117122556.jpg,11
117058173.jpg,3
116984398.jpg,11
105672670.jpg,10
105257791.jpg,8
117205750.jpg,9
117057612.jpg,11
115262016.jpg,11
117240060.jpg,9
117207808.jpg,11
117094125.jpg,9
115725504.jpg,11
117106681.jpg,12
117087283.jpg,1
105822517.jpg,7
105511972.jpg,7
117224511.jpg,8
117032023.jpg,5
116948072.jpg,9
117040168.jpg,5
117261209.jpg,4
117238059.jpg,10
115725371.jpg,3
116953399.jpg,8
115462749.jpg,10
115498511.jpg,5
105607725.jpg,9
105700877.jpg,12
117129967.jpg,3
117011798.jpg,12
105802885.jpg,7
117045976.jpg,7
117097480.jpg,1
117238605.jpg,7
105349525.jpg,7
117218364.jpg,5
105205036.jpg,8
117222235.jpg,2
115722162.jpg,3
117033148.jpg,7
105583153.jpg,6
105849551.jpg,9
105559277.jpg,7
117040781.jpg,5
117098506.jpg,12
117108827.jpg,9
105227035.jpg,6
117017708.jpg,1
105237366.jpg,8
105826863.jpg,11
116983457.jpg,5
117197564.jpg,3
117212558.jpg,10
117016256.jpg,5
117215645.jpg,2
117170482.jpg,2
117070658.jpg,2
117019272.jpg,5
116996354.jpg,7
115257528.jpg,7
117030133.jpg,12
117106713.jpg,3
117105626.jpg,10
115480951.jpg,12
117063407.jpg,12
117051391.jpg,1
117107661.jpg,9
117055349.jpg,1
117209389.jpg,9
115727505.jpg,3
117206247.jpg,9
116998687.jpg,7
117116527.jpg,11
117101538.jpg,5
105354257.jpg,7
117233121.jpg,3
105411555.jpg,10
117094240.jpg,8
105684738.jpg,10
117090770.jpg,5
117068882.jpg,5
117269454.jpg,11
117106113.jpg,11
117227835.jpg,11
115461313.jpg,10
117197957.jpg,11
105833716.jpg,10
105840963.jpg,10
117060456.jpg,4
105206959.jpg,7
105338940.jpg,1
111553101.jpg,11
105619059.jpg,5
116991428.jpg,5
117101888.jpg,9
117057191.jpg,12
117087258.jpg,5
105556735.jpg,7
105303998.jpg,12
117229766.jpg,7
105822632.jpg,11
117125922.jpg,12
105410132.jpg,12
105302842.jpg,10
105196162.jpg,7
115502359.jpg,9
115502601.jpg,10
117227001.jpg,11
117165350.jpg,11
117107995.jpg,12
117125277.jpg,9
105262978.jpg,8
115266184.jpg,10
117254863.jpg,9
117125176.jpg,12
115474726.jpg,7
117177122.jpg,2
105637773.jpg,10
117117090.jpg,11
105785116.jpg,2
115504030.jpg,9
105412727.jpg,9
117222503.jpg,11
117078007.jpg,12
105260198.jpg,8
116969154.jpg,8
117076034.jpg,5
115482704.jpg,10
117041927.jpg,11
117087631.jpg,9
117247611.jpg,3
116977444.jpg,12
117068131.jpg,5
105839554.jpg,10
105507844.jpg,7
115511163.jpg,2
117178948.jpg,10
117304479.jpg,2
115269617.jpg,10
116978329.jpg,9
105211158.jpg,12
105490733.jpg,5
115483105.jpg,7
115494421.jpg,9
117057837.jpg,1
105449021.jpg,9
117047071.jpg,9
105370852.jpg,5
115502012.jpg,10
115475069.jpg,5
117217046.jpg,5
117109125.jpg,5
116976882.jpg,5
117071851.jpg,12
105538327.jpg,5
105516600.jpg,7
117121880.jpg,8
117096812.jpg,7
116995894.jpg,12
117000288.jpg,5
105633439.jpg,10
117007016.jpg,9
117216936.jpg,2
117188091.jpg,11
117130364.jpg,3
117045690.jpg,12
105576306.jpg,9
117188686.jpg,10
115465869.jpg,8
105223366.jpg,8
115468874.jpg,10
105478717.jpg,1
116988264.jpg,8
105239817.jpg,8
117006723.jpg,1
117224595.jpg,11
115243625.jpg,11
105519961.jpg,8
117054231.jpg,12
117174613.jpg,3
117110008.jpg,9
117099565.jpg,11
1000005051.jpg,8
105555622.jpg,10
117124520.jpg,3
105406596.jpg,8
117014046.jpg,5
105610998.jpg,9
117005305.jpg,12
105601207.jpg,10
117225458.jpg,9
105808417.jpg,9
115261363.jpg,10
121061980.jpg,4
1000004452.jpg,11
105575820.jpg,11
115485596.jpg,7
105346458.jpg,6
105610421.jpg,10
105365999.jpg,10
117165097.jpg,9
105705196.jpg,7
117128698.jpg,9
105702582.jpg,6
117095135.jpg,11
117025063.jpg,1
117282567.jpg,4
105336494.jpg,12
105461888.jpg,10
117141625.jpg,11
105217076.jpg,8
117224718.jpg,9
115258431.jpg,4
115724049.jpg,11
105296586.jpg,12
105831339.jpg,6
115254218.jpg,10
116992321.jpg,8
115492904.jpg,10
105214489.jpg,8
117177427.jpg,9
105669691.jpg,10
117090457.jpg,1
115274827.jpg,6
116983479.jpg,8
117140147.jpg,3
117142564.jpg,4
117104986.jpg,5
117013517.jpg,5
116976025.jpg,10
105555811.jpg,11
117129940.jpg,11
116988360.jpg,7
105852645.jpg,9
117084584.jpg,5
115266396.jpg,2
117113878.jpg,7
105677066.jpg,6
117226789.jpg,11
105807739.jpg,12
115505476.jpg,9
115482592.jpg,6
117066957.jpg,12
105254413.jpg,8
105272858.jpg,5
115506064.jpg,8
116994440.jpg,5
116980404.jpg,10
115477079.jpg,4
117161836.jpg,4
117117474.jpg,9
105623536.jpg,9
105686467.jpg,10
117067927.jpg,11
105491060.jpg,10
116984954.jpg,8
105849572.jpg,9
117216553.jpg,3
117163826.jpg,3
115728470.jpg,3
115502242.jpg,10
105569606.jpg,9
105677684.jpg,7
117040174.jpg,5
117104099.jpg,1
117230323.jpg,9
117114639.jpg,2
117128179.jpg,9
117086634.jpg,5
115250061.jpg,7
105732474.jpg,6
117173305.jpg,4
117017357.jpg,12
117079851.jpg,9
117177428.jpg,9
115507135.jpg,9
117229941.jpg,2
117118547.jpg,11
116975358.jpg,8
117005269.jpg,1
105499875.jpg,10
105820759.jpg,9
105662712.jpg,11
105417923.jpg,7
116963598.jpg,12
117059675.jpg,5
105777799.jpg,7
117115015.jpg,7
116986576.jpg,12
105510258.jpg,12
117044710.jpg,5
117096507.jpg,9
115478404.jpg,9
117156330.jpg,11
115464528.jpg,10
105332120.jpg,12
105536199.jpg,7
105531888.jpg,12
115723303.jpg,1
105528977.jpg,12
117014427.jpg,9
117095602.jpg,11
105491856.jpg,7
105639461.jpg,11
117005402.jpg,12
115258286.jpg,10
117219529.jpg,10
105537718.jpg,1
117094911.jpg,5
116998808.jpg,7
105560147.jpg,10
117132920.jpg,5
117014940.jpg,12
117141475.jpg,3
105346946.jpg,9
117139510.jpg,3
117048251.jpg,1
117213283.jpg,3
115486923.jpg,10
105377442.jpg,3
115723714.jpg,4
115466010.jpg,8
117082115.jpg,7
117026240.jpg,9
117125411.jpg,7
105855274.jpg,10
105258130.jpg,6
117059641.jpg,5
105538346.jpg,11
116960224.jpg,12
115509526.jpg,10
1000008822.jpg,11
115258565.jpg,7
105525612.jpg,9
117045382.jpg,5
115261691.jpg,5
105705879.jpg,9
105401170.jpg,10
117228964.jpg,11
117075070.jpg,7
117106024.jpg,7
115274366.jpg,10
105510105.jpg,7
116978708.jpg,8
115486771.jpg,2
117213161.jpg,11
117199496.jpg,3
117104633.jpg,12
105301828.jpg,7
116989349.jpg,8
117126964.jpg,7
105332324.jpg,4
116996913.jpg,1
117037696.jpg,12
117135174.jpg,3
105215171.jpg,12
117144365.jpg,11
117124838.jpg,7
105480691.jpg,4
1000004940.jpg,12
117062234.jpg,12
117116036.jpg,7
116984623.jpg,1
117232873.jpg,4
105475776.jpg,2
105819418.jpg,3
105495786.jpg,12
117117645.jpg,7
105718787.jpg,7
117209108.jpg,11
105386200.jpg,7
115263362.jpg,11
105355083.jpg,7
115496863.jpg,6
105443083.jpg,11
105348726.jpg,7
105516948.jpg,3
105809672.jpg,11
105631826.jpg,5
116958646.jpg,12
117123506.jpg,10
117105835.jpg,12
117278260.jpg,2
117005254.jpg,12
117067265.jpg,12
105391640.jpg,6
115469488.jpg,5
116979773.jpg,8
115505584.jpg,3
117053416.jpg,1
117022287.jpg,5
117101753.jpg,5
105295333.jpg,7
105605248.jpg,5
105387188.jpg,11
105229210.jpg,7
117045451.jpg,8
115481630.jpg,10
105335896.jpg,11
115475402.jpg,3
105254526.jpg,7
105574746.jpg,7
117002778.jpg,5
105553909.jpg,10
105559548.jpg,10
117000493.jpg,8
115263054.jpg,10
105633272.jpg,2
117199913.jpg,11
105615390.jpg,3
105422869.jpg,5
117261975.jpg,3
105210153.jpg,9
105539299.jpg,7
105416985.jpg,5
105735667.jpg,3
105216055.jpg,10
117059549.jpg,5
117106662.jpg,11
117011339.jpg,12
117087596.jpg,6
117027224.jpg,2
115247900.jpg,12
105418426.jpg,10
105471149.jpg,10
115461758.jpg,10
116992291.jpg,3
115504993.jpg,3
105575622.jpg,10
117200871.jpg,2
105764855.jpg,10
117028082.jpg,5
105330759.jpg,10
116989575.jpg,5
105333843.jpg,6
116954168.jpg,1
117053122.jpg,5
105839069.jpg,10
115261060.jpg,6
117182288.jpg,9
105364447.jpg,5
105281628.jpg,12
117219382.jpg,9
117116923.jpg,7
105809321.jpg,11
105808933.jpg,2
117069308.jpg,5
117075931.jpg,4
117084603.jpg,12
115485814.jpg,7
105259969.jpg,8
105777819.jpg,10
105703649.jpg,9
115507566.jpg,9
117196731.jpg,11
105297726.jpg,11
117010400.jpg,7
117132209.jpg,7
105741381.jpg,10
105502691.jpg,10
105402946.jpg,10
117121464.jpg,5
117038401.jpg,1
105798594.jpg,3
105337581.jpg,6
117013103.jpg,7
117086831.jpg,5
117235836.jpg,3
117180196.jpg,9
115254277.jpg,11
115260865.jpg,5
117195008.jpg,10
105439617.jpg,5
116953631.jpg,5
105489797.jpg,7
117285142.jpg,2
117098558.jpg,7
105742587.jpg,11
117104230.jpg,9
117145848.jpg,3
105845337.jpg,7
105432474.jpg,7
117212225.jpg,3
115489126.jpg,10
117167482.jpg,11
117016911.jpg,9
117022336.jpg,5
117128135.jpg,9
117125063.jpg,5
110012080.jpg,10
117182933.jpg,4
117104495.jpg,1
115503433.jpg,6
117025240.jpg,12
116986969.jpg,2
117029991.jpg,12
117123995.jpg,5
117112490.jpg,7
117085370.jpg,7
105280831.jpg,7
105619367.jpg,6
117102944.jpg,9
115503498.jpg,4
117056392.jpg,5
117014520.jpg,7
117153892.jpg,3
115256374.jpg,10
105606824.jpg,6
105844350.jpg,10
110012069.jpg,12
115471230.jpg,7
117235930.jpg,4
105542459.jpg,4
117245810.jpg,9
115505383.jpg,6
117176630.jpg,7
105502376.jpg,10
117126619.jpg,7
116979840.jpg,8
105407050.jpg,9
105480826.jpg,5
105768246.jpg,6
116990868.jpg,7
1000005261.jpg,2
115261434.jpg,11
117242754.jpg,4
117051718.jpg,7
105656115.jpg,10
116980867.jpg,12
105412203.jpg,12
117227626.jpg,3
115239990.jpg,7
117248359.jpg,9
110019781.jpg,4
105495303.jpg,6
115470323.jpg,7
115267647.jpg,11
117178128.jpg,3
115477000.jpg,6
117013696.jpg,12
1000000004.jpg,10
115256236.jpg,8
117019660.jpg,4
117073560.jpg,9
105326020.jpg,6
105792147.jpg,7
117074452.jpg,5
117164510.jpg,4
115497791.jpg,9
116989328.jpg,8
105579556.jpg,7
115264616.jpg,5
115496380.jpg,11
117074989.jpg,1
110684305.jpg,10
1000005435.jpg,7
117019644.jpg,5
116995337.jpg,8
105671266.jpg,2
117067372.jpg,5
105660813.jpg,1
105426260.jpg,6
105382972.jpg,11
115480389.jpg,10
117090979.jpg,7
1000005416.jpg,1
117050115.jpg,7
115259723.jpg,5
115479157.jpg,12
105589684.jpg,7
105400764.jpg,6
117074264.jpg,11
117202277.jpg,3
115256646.jpg,7
105412912.jpg,12
105784526.jpg,6
117245938.jpg,1
115265222.jpg,10
117231051.jpg,9
115255631.jpg,6
116963316.jpg,8
117098597.jpg,12
105777503.jpg,7
117029669.jpg,7
105541810.jpg,1
105492107.jpg,10
116997116.jpg,7
117105574.jpg,11
115250426.jpg,12
117012242.jpg,5
115265778.jpg,10
116981946.jpg,7
105660878.jpg,7
117162051.jpg,3
105327581.jpg,7
117205972.jpg,9
117128783.jpg,5
116979133.jpg,4
117275294.jpg,3
117063057.jpg,9
115486579.jpg,9
117093136.jpg,1
105677610.jpg,10
115483464.jpg,9
115475163.jpg,6
116974483.jpg,8
105625675.jpg,6
116983565.jpg,12
105664295.jpg,6
116955367.jpg,12
1000002504.jpg,9
117151186.jpg,9
115468254.jpg,8
116976696.jpg,2
117005713.jpg,11
115508091.jpg,9
105674119.jpg,9
117192400.jpg,11
117030203.jpg,12
116987531.jpg,8
105574768.jpg,5
117110262.jpg,5
117111788.jpg,9
116956461.jpg,8
116978864.jpg,2
105691571.jpg,10
117106625.jpg,9
117051676.jpg,5
117284230.jpg,1
117114836.jpg,5
117070799.jpg,1
105444683.jpg,10
117106522.jpg,11
115268899.jpg,10
117209402.jpg,9
114457937.jpg,10
105533708.jpg,6
115254638.jpg,9
117218768.jpg,11
117003221.jpg,7
115462078.jpg,8
105631106.jpg,10
116989266.jpg,5
115727504.jpg,11
105695483.jpg,6
117126224.jpg,7
105506113.jpg,7
117066947.jpg,7
117051933.jpg,5
117285695.jpg,2
117223701.jpg,12
105728780.jpg,11
105751667.jpg,6
117102731.jpg,9
117026924.jpg,7
105656035.jpg,11
105565547.jpg,3
115257030.jpg,7
115461743.jpg,10
117075839.jpg,5
105390920.jpg,11
115497612.jpg,9
117081017.jpg,7
117196494.jpg,3
117129467.jpg,3
115714256.jpg,6
117028236.jpg,5
115484169.jpg,12
117142451.jpg,2
117051573.jpg,2
117111811.jpg,5
105384425.jpg,12
117296914.jpg,12
116961991.jpg,9
117218298.jpg,9
117036665.jpg,3
115250857.jpg,7
117005311.jpg,12
117118018.jpg,5
105402332.jpg,12
117261531.jpg,4
115504515.jpg,4
117013264.jpg,1
116978207.jpg,7
105412161.jpg,12
105621464.jpg,6
117106092.jpg,8
115507528.jpg,10
117151349.jpg,11
115502721.jpg,10
117044414.jpg,5
117249526.jpg,1
105549385.jpg,10
105540516.jpg,5
117003346.jpg,5
105683859.jpg,10
117178057.jpg,9
116984478.jpg,11
116964548.jpg,7
117051037.jpg,12
115497638.jpg,10
117259656.jpg,3
105507838.jpg,7
117094824.jpg,9
117208200.jpg,9
105511750.jpg,9
117201386.jpg,11
117008364.jpg,12
115255666.jpg,10
105251804.jpg,8
105518673.jpg,6
117044370.jpg,11
105316589.jpg,8
115507582.jpg,9
117080484.jpg,5
117214379.jpg,9
117026837.jpg,7
116978309.jpg,11
117095759.jpg,7
117134693.jpg,12
117172193.jpg,5
117024736.jpg,7
105794578.jpg,9
117107877.jpg,5
117115049.jpg,11
117193996.jpg,10
117219621.jpg,11
115506556.jpg,4
117238958.jpg,9
117209563.jpg,1
117146090.jpg,9
116949283.jpg,7
105659707.jpg,9
117117690.jpg,9
115249407.jpg,5
115460665.jpg,9
1000004440.jpg,9
115717069.jpg,3
117232835.jpg,9
105747839.jpg,3
115275627.jpg,10
115473895.jpg,8
117079533.jpg,5
115275779.jpg,10
105825737.jpg,2
105335593.jpg,8
105728580.jpg,10
117119997.jpg,2
116975283.jpg,12
117114456.jpg,5
105338887.jpg,7
105518393.jpg,8
117121478.jpg,7
117144496.jpg,9
117128867.jpg,11
105340168.jpg,2
117238209.jpg,1
117121791.jpg,1
117287784.jpg,3
117218111.jpg,11
115461364.jpg,8
105669229.jpg,9
117127762.jpg,11
115274180.jpg,10
117049588.jpg,12
115475467.jpg,7
105285255.jpg,11
105792263.jpg,7
117054092.jpg,12
105591673.jpg,7
117258783.jpg,9
115725138.jpg,5
117123244.jpg,1
117217694.jpg,9
105648704.jpg,6
105813860.jpg,7
117022150.jpg,5
105214639.jpg,12
105469513.jpg,12
117082751.jpg,5
115455270.jpg,8
115254256.jpg,11
105543885.jpg,6
105442695.jpg,10
115478003.jpg,6
105261230.jpg,5
117076239.jpg,12
115505611.jpg,3
105385365.jpg,11
117152272.jpg,7
117119749.jpg,5
117061566.jpg,12
105479705.jpg,9
120965764.jpg,1
117041588.jpg,5
105230907.jpg,11
117011183.jpg,12
111644150.jpg,10
117197025.jpg,3
117273008.jpg,3
105303936.jpg,5
105533568.jpg,2
105305920.jpg,12
117027165.jpg,7
117050692.jpg,1
105747630.jpg,9
117012499.jpg,1
117014862.jpg,5
105672267.jpg,6
105528781.jpg,12
117176010.jpg,11
117023205.jpg,7
115272557.jpg,10
117184869.jpg,3
117096685.jpg,5
116966839.jpg,9
105848086.jpg,9
117009024.jpg,7
117159660.jpg,3
117049940.jpg,5
105584033.jpg,10
105475443.jpg,11
117084527.jpg,5
105480912.jpg,7
115483387.jpg,12
1000003056.jpg,3
117063210.jpg,1
116995382.jpg,5
105744064.jpg,9
117207247.jpg,3
105797699.jpg,7
105579846.jpg,12
117238708.jpg,9
117057030.jpg,12
117108227.jpg,12
110014625.jpg,8
117046753.jpg,5
105514539.jpg,10
105281536.jpg,5
105544923.jpg,11
105709526.jpg,12
117129420.jpg,7
117259393.jpg,5
117103121.jpg,11
117070795.jpg,5
116986753.jpg,8
105466609.jpg,10
117114894.jpg,3
117131738.jpg,9
1000005548.jpg,1
105715567.jpg,7
117096014.jpg,12
117102770.jpg,5
117120328.jpg,5
117113778.jpg,5
105227099.jpg,8
1000002965.jpg,5
117248499.jpg,9
117109512.jpg,7
105685217.jpg,10
115504627.jpg,4
105360838.jpg,12
105738258.jpg,6
105382645.jpg,12
116983036.jpg,5
117101420.jpg,12
105259709.jpg,10
117016235.jpg,12
117129727.jpg,7
115273520.jpg,10
117006991.jpg,7
105834711.jpg,8
115719369.jpg,5
117079213.jpg,2
105272558.jpg,12
105816140.jpg,9
117036073.jpg,9
105803007.jpg,9
1000002149.jpg,6
117221933.jpg,3
115268761.jpg,6
105391900.jpg,10
117211299.jpg,9
105765262.jpg,11
105289675.jpg,12
117081185.jpg,7
117118494.jpg,9
105540519.jpg,7
105710798.jpg,11
117142876.jpg,11
117202755.jpg,4
115731324.jpg,5
105290875.jpg,7
105286461.jpg,12
117117892.jpg,7
115504954.jpg,10
117277332.jpg,2
117228061.jpg,4
116981359.jpg,12
115508251.jpg,10
117107148.jpg,7
117120347.jpg,11
105441359.jpg,5
117094999.jpg,1
105386202.jpg,6
105593290.jpg,10
105266517.jpg,12
105429837.jpg,12
105281237.jpg,12
117147465.jpg,9
116984606.jpg,7
105624076.jpg,11
117050254.jpg,9
116949280.jpg,5
117240884.jpg,9
105255782.jpg,8
105480704.jpg,7
115497741.jpg,12
117204739.jpg,11
117005002.jpg,11
117224682.jpg,11
115468252.jpg,6
117117226.jpg,1
117097999.jpg,1
105794028.jpg,9
117033862.jpg,5
115257473.jpg,10
117065275.jpg,5
110021807.jpg,3
105542165.jpg,6
105531727.jpg,10
115274341.jpg,8
105563879.jpg,11
115463666.jpg,7
105488508.jpg,11
105751896.jpg,7
105576758.jpg,6
105763573.jpg,6
117097778.jpg,1
117049775.jpg,5
105374529.jpg,10
115262791.jpg,6
115246940.jpg,7
117013630.jpg,5
115491077.jpg,9
115481385.jpg,8
117099708.jpg,5
115500743.jpg,9
105710192.jpg,10
115715443.jpg,5
105798869.jpg,2
116974973.jpg,7
115503211.jpg,10
115275859.jpg,7
105699001.jpg,10
105822040.jpg,10
105608138.jpg,9
116976907.jpg,5
117160524.jpg,3
105562517.jpg,12
105573485.jpg,12
116985727.jpg,8
105775978.jpg,3
105318526.jpg,12
117055770.jpg,1
117219951.jpg,9
115260184.jpg,7
117107816.jpg,12
105565801.jpg,7
116966356.jpg,7
117098335.jpg,7
115506698.jpg,9
105610303.jpg,11
105738808.jpg,7
105468629.jpg,10
117042999.jpg,4
117092532.jpg,7
117100684.jpg,12
105412757.jpg,9
105392474.jpg,12
117109619.jpg,7
105688470.jpg,7
117221179.jpg,5
117085184.jpg,7
121094344.jpg,7
117051492.jpg,7
117109524.jpg,7
105649278.jpg,5
115251602.jpg,12
117032202.jpg,7
115481795.jpg,7
116988736.jpg,8
105483487.jpg,6
115718904.jpg,5
115246405.jpg,10
117220901.jpg,9
115274424.jpg,10
117276202.jpg,3
105480124.jpg,12
115502703.jpg,3
105853815.jpg,2
117019344.jpg,9
115275399.jpg,10
117172763.jpg,3
117223289.jpg,11
117196730.jpg,2
105850566.jpg,9
105640849.jpg,6
105359658.jpg,8
117109991.jpg,5
117075446.jpg,9
117041732.jpg,11
117072048.jpg,5
105298751.jpg,11
115480760.jpg,7
117111417.jpg,11
117014032.jpg,7
105240718.jpg,7
105345223.jpg,10
105240203.jpg,11
117216489.jpg,4
1000002716.jpg,9
117106384.jpg,7
115249473.jpg,10
117024882.jpg,1
105209589.jpg,10
117124874.jpg,2
117118476.jpg,5
116980602.jpg,8
117123779.jpg,12
117058402.jpg,5
117122229.jpg,7
105495979.jpg,6
105436952.jpg,12
117085217.jpg,5
117107065.jpg,12
117058022.jpg,9
117201846.jpg,11
105412470.jpg,10
117209075.jpg,3
117024881.jpg,5
117013292.jpg,11
115479242.jpg,10
117023166.jpg,7
1000001547.jpg,11
117012519.jpg,12
117022681.jpg,4
105318661.jpg,8
117020831.jpg,4
116994739.jpg,8
117100426.jpg,5
117192375.jpg,4
115504693.jpg,10
105840946.jpg,1
115502600.jpg,10
105733231.jpg,9
117219177.jpg,3
105231620.jpg,12
115258456.jpg,8
117027715.jpg,4
117131168.jpg,12
116960014.jpg,5
117172270.jpg,7
105389068.jpg,8
110014217.jpg,12
115477948.jpg,11
105648125.jpg,12
105489496.jpg,4
117143831.jpg,9
115466892.jpg,12
116988487.jpg,5
105356433.jpg,7
117117574.jpg,5
117083046.jpg,10
115256063.jpg,6
105855517.jpg,7
117004168.jpg,1
117129405.jpg,9
105716827.jpg,11
115507511.jpg,9
105218636.jpg,11
117091750.jpg,5
117138409.jpg,8
105731892.jpg,3
115466432.jpg,6
117256019.jpg,7
115489075.jpg,9
105214726.jpg,7
116992571.jpg,8
117037330.jpg,7
105564323.jpg,5
117138879.jpg,9
117204692.jpg,11
105383457.jpg,12
105294765.jpg,7
117238907.jpg,4
105689931.jpg,6
117100090.jpg,11
117239672.jpg,5
117212980.jpg,11
105816603.jpg,10
105735050.jpg,10
115475909.jpg,7
117172182.jpg,2
105798711.jpg,9
116953371.jpg,5
117225957.jpg,11
117200036.jpg,3
117216875.jpg,11
117218696.jpg,3
117254416.jpg,3
117196789.jpg,11
117224910.jpg,9
117043256.jpg,9
117045791.jpg,5
117099597.jpg,11
115480608.jpg,7
105800368.jpg,10
117081479.jpg,11
105484094.jpg,7
117043645.jpg,12
117086458.jpg,7
116983779.jpg,5
105230129.jpg,12
117078840.jpg,12
105443449.jpg,12
105498883.jpg,12
117239890.jpg,9
117222131.jpg,11
105464610.jpg,12
117189002.jpg,3
105220461.jpg,10
117054051.jpg,1
121072529.jpg,11
116998493.jpg,12
105752048.jpg,6
105623013.jpg,2
117184244.jpg,9
105523823.jpg,6
105250422.jpg,12
117004876.jpg,7
105329115.jpg,8
105659303.jpg,1
117124468.jpg,7
117024003.jpg,10
105234514.jpg,12
115479274.jpg,7
117003878.jpg,1
115470312.jpg,8
117076272.jpg,5
117072431.jpg,12
105730592.jpg,5
117158862.jpg,1
105849123.jpg,8
117210354.jpg,2
116993999.jpg,8
105339262.jpg,8
117159535.jpg,9
117123321.jpg,11
105432845.jpg,6
117209976.jpg,2
117128991.jpg,7
117240137.jpg,3
105437323.jpg,5
111844535.jpg,4
115258466.jpg,10
117166609.jpg,3
117286787.jpg,3
117065121.jpg,7
116952514.jpg,5
117051183.jpg,5
117223588.jpg,11
117099393.jpg,12
117209308.jpg,11
105783146.jpg,11
117119354.jpg,5
117189470.jpg,4
105547610.jpg,5
111817791.jpg,1
117083403.jpg,7
117120735.jpg,9
105584330.jpg,10
105795530.jpg,10
105754379.jpg,10
115263276.jpg,10
117182109.jpg,9
117101928.jpg,11
115506783.jpg,10
115277186.jpg,10
115501370.jpg,10
117214825.jpg,5
117023311.jpg,11
115734095.jpg,3
115730035.jpg,3
117076592.jpg,12
117216196.jpg,9
105603201.jpg,7
105783815.jpg,6
117092749.jpg,12
117078914.jpg,5
105712790.jpg,12
117178502.jpg,11
105544375.jpg,10
117110415.jpg,5
116970121.jpg,5
115252580.jpg,10
117242357.jpg,2
117192642.jpg,9
117039733.jpg,3
105607845.jpg,9
115464343.jpg,8
117222329.jpg,9
115476412.jpg,11
117117549.jpg,7
117281426.jpg,4
117216597.jpg,11
105717211.jpg,11
117043788.jpg,5
117178617.jpg,4
105511776.jpg,6
115488370.jpg,9
115256250.jpg,10
117043811.jpg,5
115276309.jpg,10
117247884.jpg,9
105795669.jpg,3
116990523.jpg,7
105653029.jpg,10
105509472.jpg,7
117257599.jpg,4
105268735.jpg,12
117115165.jpg,9
115486751.jpg,8
105674042.jpg,12
105212883.jpg,11
116993900.jpg,8
116999505.jpg,3
117158521.jpg,10
117087090.jpg,7
115263452.jpg,10
115728532.jpg,5
117077190.jpg,1
116989539.jpg,5
116990416.jpg,10
117093467.jpg,12
105649315.jpg,12
105771755.jpg,6
105495069.jpg,10
117114414.jpg,1
117129030.jpg,7
115477128.jpg,5
117105133.jpg,9
116992109.jpg,1
105840674.jpg,7
117035647.jpg,12
117107773.jpg,11
117091571.jpg,1
115485650.jpg,10
117163651.jpg,12
117125673.jpg,6
117016700.jpg,5
117013141.jpg,7
117083160.jpg,5
117072102.jpg,5
105720383.jpg,6
117197974.jpg,3
117108402.jpg,9
115252652.jpg,5
105821782.jpg,9
115726884.jpg,3
115720259.jpg,12
105663549.jpg,7
117035356.jpg,12
105746117.jpg,7
117209283.jpg,3
1000005517.jpg,12
115478159.jpg,6
105531495.jpg,12
117047866.jpg,5
117195647.jpg,5
117209023.jpg,11
105374962.jpg,10
105321068.jpg,10
117191316.jpg,9
117096940.jpg,5
115249172.jpg,10
117075647.jpg,5
116991515.jpg,12
105511529.jpg,5
115508282.jpg,3
105510649.jpg,10
115256826.jpg,9
116984558.jpg,9
115470118.jpg,7
117220041.jpg,3
117194819.jpg,11
117216430.jpg,3
105842195.jpg,9
117157128.jpg,11
117042210.jpg,7
115251273.jpg,10
116997554.jpg,9
117012882.jpg,5
117195298.jpg,2
105604482.jpg,12
105706609.jpg,10
105465018.jpg,10
105360710.jpg,8
117009937.jpg,12
117128840.jpg,5
105808757.jpg,3
116976644.jpg,8
116997367.jpg,12
117200578.jpg,11
115496203.jpg,6
115265761.jpg,10
117083052.jpg,9
105565095.jpg,10
117052798.jpg,10
105462955.jpg,5
110013586.jpg,5
116951661.jpg,5
117133660.jpg,9
105662788.jpg,5
105584855.jpg,12
117032459.jpg,7
117160212.jpg,11
1000005280.jpg,6
117063265.jpg,2
116967399.jpg,8
115481673.jpg,7
105234109.jpg,9
105296777.jpg,12
112606942.jpg,9
105673078.jpg,10
115242700.jpg,10
117145652.jpg,3
105354684.jpg,8
105678280.jpg,6
105229456.jpg,12
117106001.jpg,9
117183179.jpg,12
105329042.jpg,8
116983234.jpg,8
105489601.jpg,2
105389505.jpg,12
105455656.jpg,10
105619302.jpg,10
115258747.jpg,10
115461040.jpg,8
117151322.jpg,9
117105513.jpg,1
105738043.jpg,6
105269196.jpg,7
117256121.jpg,2
117094288.jpg,5
117074156.jpg,10
117052518.jpg,4
117141364.jpg,5
115504000.jpg,6
115251078.jpg,10
117251440.jpg,3
117159756.jpg,9
117107019.jpg,7
105824800.jpg,10
117085465.jpg,7
115268885.jpg,10
105345917.jpg,10
117123646.jpg,10
105348729.jpg,10
105235720.jpg,7
105495775.jpg,5
105221099.jpg,5
117017537.jpg,4
117045366.jpg,5
105394411.jpg,5
117209626.jpg,9
115251456.jpg,10
117192948.jpg,3
117170984.jpg,10
117174807.jpg,11
117154364.jpg,4
115261278.jpg,11
116991987.jpg,12
105338411.jpg,12
117212273.jpg,9
117010334.jpg,11
116976325.jpg,11
105232761.jpg,10
117103484.jpg,11
115266609.jpg,10
117105111.jpg,1
105670433.jpg,9
117225539.jpg,9
117194262.jpg,9
116962804.jpg,8
105326768.jpg,1
117217388.jpg,3
117120177.jpg,6
115499147.jpg,6
116968430.jpg,5
105668192.jpg,8
117059436.jpg,7
105645868.jpg,12
115457903.jpg,6
117074134.jpg,7
105780137.jpg,11
105655493.jpg,6
116983261.jpg,7
117158703.jpg,2
105803127.jpg,10
117212958.jpg,3
117067606.jpg,1
117076011.jpg,12
116998789.jpg,8
117143423.jpg,11
117022323.jpg,9
117120229.jpg,11
105416761.jpg,12
105341716.jpg,7
117038530.jpg,9
117092272.jpg,5
105640817.jpg,11
117014519.jpg,5
117107970.jpg,12
105290067.jpg,12
105331260.jpg,1
115256130.jpg,11
117214186.jpg,7
105538238.jpg,12
117150069.jpg,9
105307778.jpg,2
117200603.jpg,9
117180427.jpg,12
116997696.jpg,8
115263236.jpg,11
117056466.jpg,6
117054254.jpg,12
117110742.jpg,12
117057583.jpg,5
116992166.jpg,5
117188707.jpg,3
115486900.jpg,5
117191045.jpg,9
115471173.jpg,9
117113922.jpg,11
115509090.jpg,10
117029634.jpg,9
115261761.jpg,5
117097612.jpg,7
117236578.jpg,9
117011319.jpg,4
105442432.jpg,12
105280521.jpg,12
115473769.jpg,4
105616097.jpg,12
115492392.jpg,3
117056273.jpg,5
117026152.jpg,11
117196956.jpg,2
105652555.jpg,10
117148259.jpg,5
117238975.jpg,3
105777235.jpg,7
105766154.jpg,11
105507350.jpg,6
115246345.jpg,10
105828818.jpg,10
105208386.jpg,8
117229773.jpg,3
105248461.jpg,10
117102640.jpg,8
105610281.jpg,10
117190110.jpg,9
117067063.jpg,7
115479427.jpg,12
115496091.jpg,9
117008867.jpg,12
105614119.jpg,3
105318184.jpg,8
117044219.jpg,11
117105709.jpg,5
117216115.jpg,11
105491153.jpg,12
117102877.jpg,1
117217907.jpg,9
117231845.jpg,3
117209069.jpg,9
117075542.jpg,10
117093310.jpg,3
117207713.jpg,4
117100460.jpg,1
117064819.jpg,5
117115105.jpg,10
117064847.jpg,11
117096711.jpg,9
105616656.jpg,10
116990074.jpg,12
117211680.jpg,3
117095202.jpg,12
115475055.jpg,12
117121114.jpg,1
105249157.jpg,7
115495432.jpg,10
105851991.jpg,9
105856891.jpg,3
1000005163.jpg,11
115275170.jpg,10
105739207.jpg,6
105404730.jpg,12
117206796.jpg,9
117231060.jpg,9
116959584.jpg,7
117028734.jpg,5
117201687.jpg,9
117119673.jpg,12
105581460.jpg,10
115266900.jpg,10
117141507.jpg,11
105472943.jpg,12
105837332.jpg,10
115275738.jpg,10
117033593.jpg,11
117031164.jpg,12
105585456.jpg,4
117067945.jpg,7
105783725.jpg,6
105805608.jpg,3
105630824.jpg,10
117082791.jpg,2
117034508.jpg,4
117049577.jpg,7
115253211.jpg,7
116977044.jpg,8
117001288.jpg,7
105300328.jpg,12
105336031.jpg,7
105458074.jpg,5
105590512.jpg,9
117061524.jpg,7
115274820.jpg,10
105851497.jpg,10
117277025.jpg,3
117111294.jpg,3
115269165.jpg,9
105392838.jpg,12
117154055.jpg,9
116996810.jpg,9
115498848.jpg,10
117135848.jpg,9
105416473.jpg,12
117224519.jpg,9
105850300.jpg,10
117032695.jpg,12
105716202.jpg,7
117025479.jpg,11
105440480.jpg,7
117199313.jpg,4
117034733.jpg,4
117031981.jpg,5
105451696.jpg,10
117106105.jpg,7
117097391.jpg,5
117145362.jpg,11
117114510.jpg,7
105478916.jpg,7
105507892.jpg,6
115508877.jpg,9
115250814.jpg,5
105296367.jpg,12
105639850.jpg,5
105450308.jpg,7
117072595.jpg,7
117090434.jpg,12
115486340.jpg,3
115266839.jpg,10
105595363.jpg,12
117118258.jpg,7
117012488.jpg,11
115482102.jpg,7
105260483.jpg,12
115470914.jpg,10
115504808.jpg,10
115733200.jpg,3
117011014.jpg,12
115249716.jpg,5
105351155.jpg,7
117246923.jpg,3
117167962.jpg,5
117117405.jpg,2
115719640.jpg,1
117218365.jpg,4
117110283.jpg,9
117034073.jpg,12
105219357.jpg,7
105224824.jpg,12
105765430.jpg,3
105186437.jpg,11
105623091.jpg,2
105348383.jpg,12
117095464.jpg,9
105298612.jpg,10
117106162.jpg,10
117081647.jpg,1
117083399.jpg,7
115485458.jpg,7
116995640.jpg,8
105702998.jpg,9
117005536.jpg,9
117081026.jpg,9
117008074.jpg,11
105836055.jpg,10
105320067.jpg,7
105406155.jpg,12
115270012.jpg,7
115488894.jpg,10
117190265.jpg,9
117279966.jpg,2
105704003.jpg,7
116969973.jpg,5
117022953.jpg,1
105419780.jpg,12
117140074.jpg,11
105774492.jpg,2
115461789.jpg,10
115728857.jpg,9
105790794.jpg,10
105293336.jpg,6
115276552.jpg,8
116973912.jpg,12
111551355.jpg,8
117132090.jpg,9
115465412.jpg,1
116995206.jpg,9
105571378.jpg,10
117103969.jpg,7
117075074.jpg,1
115498897.jpg,2
117117612.jpg,9
115505414.jpg,9
117212863.jpg,2
115506704.jpg,6
117274377.jpg,11
115490134.jpg,7
105304719.jpg,7
117018699.jpg,5
115268112.jpg,10
116997502.jpg,5
117037555.jpg,5
105465487.jpg,6
115502056.jpg,10
117071751.jpg,9
117097997.jpg,1
116977795.jpg,12
117124268.jpg,1
105364564.jpg,1
105854616.jpg,10
115477811.jpg,12
115483797.jpg,7
117028865.jpg,12
105370086.jpg,7
117218838.jpg,3
115502544.jpg,10
110017289.jpg,7
117118404.jpg,9
105487485.jpg,7
115718923.jpg,1
117191460.jpg,3
105699752.jpg,9
117112594.jpg,5
117170839.jpg,3
117031095.jpg,10
117111931.jpg,8
105345427.jpg,12
105266313.jpg,8
105455441.jpg,5
117091570.jpg,1
116978381.jpg,8
116985478.jpg,5
117098708.jpg,9
117192185.jpg,1
110012936.jpg,4
105658370.jpg,3
117141420.jpg,10
115271116.jpg,10
117229484.jpg,9
105806587.jpg,11
117060377.jpg,7
116989861.jpg,1
117248683.jpg,9
117267336.jpg,10
110018481.jpg,7
105787766.jpg,10
117158483.jpg,2
105611926.jpg,7
105748446.jpg,10
117221427.jpg,2
117031534.jpg,12
116990160.jpg,8
115502738.jpg,10
116982802.jpg,7
115486328.jpg,10
115265770.jpg,9
105406445.jpg,2
105241765.jpg,8
115487901.jpg,4
105559042.jpg,4
117027708.jpg,11
117068855.jpg,5
117021993.jpg,11
115499778.jpg,1
117224873.jpg,11
105498695.jpg,10
116962180.jpg,12
116978357.jpg,8
105496524.jpg,10
116980843.jpg,8
116974759.jpg,11
105849643.jpg,11
105332055.jpg,10
117125450.jpg,7
117235737.jpg,5
105762261.jpg,2
105519011.jpg,5
105381994.jpg,10
105269344.jpg,12
117041485.jpg,12
117115339.jpg,7
116997986.jpg,12
115265866.jpg,7
105506987.jpg,5
115260052.jpg,5
105229372.jpg,10
116979603.jpg,8
115489628.jpg,7
105793673.jpg,8
115056101.jpg,11
105560007.jpg,9
117215309.jpg,9
117223226.jpg,10
105848637.jpg,10
117047904.jpg,9
117221595.jpg,1
115484563.jpg,9
105466195.jpg,10
117114385.jpg,5
117050233.jpg,1
105265786.jpg,12
115732943.jpg,2
